author,BinaryTarget
Marta Campabadal,FAKE
Louis Jacobson,REAL
Jeff Cercone,FAKE
Sara Swann,FAKE
Jeff Cercone,FAKE
Loreben Tuquero,FAKE
Tom Kertscher,FAKE
Sofia Bliss-Carrascosa,FAKE
Sofia Bliss-Carrascosa,REAL
Grace Abels,FAKE
Marta Campabadal,FAKE
Nuria Diaz,FAKE
Maria Briceño,FAKE
Marta Campabadal,FAKE
Jeff Cercone,FAKE
Maria Briceño,FAKE
Loreben Tuquero,FAKE
Tom Kertscher,FAKE
Loreben Tuquero,FAKE
Tom Kertscher,FAKE
Tom Kertscher,FAKE
Louis Jacobson,REAL
Sara Swann,FAKE
Tom Kertscher,FAKE
Sara Swann,FAKE
Gabrielle Settles,FAKE
Loreben Tuquero,FAKE
Ciara O'Rourke,FAKE
Ciara O'Rourke,FAKE
Sofia Bliss-Carrascosa,FAKE
Ciara O'Rourke,FAKE
Ciara O'Rourke,FAKE
Ciara O'Rourke,FAKE
Ciara O'Rourke,FAKE
Loreben Tuquero,FAKE
Ciara O'Rourke,FAKE
Tom Kertscher,FAKE
Maria Briceño,FAKE
Ciara O'Rourke,FAKE
Amy Sherman,FAKE
Grace Abels,FAKE
Ciara O'Rourke,FAKE
Tom Kertscher,FAKE
Ciara O'Rourke,FAKE
Sevana Wenn,FAKE
Tom Kertscher,FAKE
Maria Briceño,FAKE
Sara Swann,FAKE
Ciara O'Rourke,FAKE
Ciara O'Rourke,FAKE
Maria Briceño,REAL
Jeff Cercone,FAKE
Amy Sherman,FAKE
Ciara O'Rourke,FAKE
Ciara O'Rourke,FAKE
Ciara O'Rourke,FAKE
Loreben Tuquero,FAKE
Maria Briceño,FAKE
Tom Kertscher,FAKE
Marta Campabadal,FAKE
Maria Briceño,FAKE
Ciara O'Rourke,FAKE
Jeff Cercone,FAKE
Ciara O'Rourke,FAKE
Ciara O'Rourke,FAKE
Tom Kertscher,FAKE
Ciara O'Rourke,FAKE
Ciara O'Rourke,FAKE
Ciara O'Rourke,FAKE
Ciara O'Rourke,FAKE
Ciara O'Rourke,FAKE
Conor Amendola,FAKE
Cameron Carr,REAL
Maria Ramirez,REAL
Grace Abels,REAL
Marta Campabadal,FAKE
Gabrielle Settles,FAKE
Madison Czopek,FAKE
Andy Nguyen,FAKE
Samantha Putterman,FAKE
Ciara O'Rourke,FAKE
Ciara O'Rourke,FAKE
Ciara O'Rourke,FAKE
Gabrielle Settles,FAKE
Ciara O'Rourke,FAKE
Ciara O'Rourke,FAKE
Maria Briceño,FAKE
Ciara O'Rourke,FAKE
Ciara O'Rourke,FAKE
Marta Campabadal,FAKE
Ciara O'Rourke,FAKE
Tom Kertscher,FAKE
Sara Swann,FAKE
Ciara O'Rourke,FAKE
Ciara O'Rourke,FAKE
Ciara O'Rourke,FAKE
Loreben Tuquero,REAL
Ciara O'Rourke,FAKE
Ciara O'Rourke,FAKE
Sara Swann,FAKE
Sarah Bahari,FAKE
Gabrielle Settles,FAKE
Ciara O'Rourke,FAKE
Amy Sherman,REAL
